organism,drug_name,drug_class,res_amplitude,res_phase,res_omega,res_upper,res_lower,res_sig,use_amplitude,use_phase,use_omega,use_upper,use_lower
E. coli,Amoxicillin/Clavulanate,Penicillins,0.010107012169291966,2.8046907190708925,1.0471975511965976,0.020728531250228194,-5.145069116442615e-4,FALSE,1.1261429056797616,2.2114259595957124,0.5235987755982988,1.297208930475367,0.9550768808841564
E. coli,Ampicillin,Penicillins,0.03403317405337581,4.529316924456131,1.0471975511965976,0.048840876705186706,0.019225471401564914,TRUE,1.1261429056797616,2.2114259595957124,0.5235987755982988,1.297208930475367,0.9550768808841564
E. coli,Ciprofloxacin,Quinolones,0.05135644428990548,3.1656572830048226,0.5235987755982988,0.07168353279627065,0.031029355783540304,TRUE,0.08114396869433235,1.0070050098976944,1.0471975511965976,0.11832584965162583,0.04396208773703887
E. coli,Nitrofurantoin,Nitrofurans,0.028215126656888793,2.5086572203118442,0.5235987755982988,0.036601029196921514,0.019829224116856073,TRUE,0.0441300305230564,8.832835405633368,0.5235987755982988,0.06394305313865602,0.024317007907456775
E. coli,Tetracycline,Tetracyclines,0.012869509013443328,4.641579605559922,1.0471975511965976,0.02929332723928714,-0.0035543092124004846,FALSE,0.03104508021305174,6.5127997243956095,0.5235987755982988,0.05153364968058969,0.010556510745513788
