organism,drug_name,drug_class,res_amplitude,res_phase,res_omega,res_upper,res_lower,res_sig,use_amplitude,use_phase,use_omega,use_upper,use_lower
S. aureus,Ciprofloxacin,Quinolones,0.06344985912460263,1.8468206299077403,0.5235987755982988,0.09304330221971212,0.033856416029493144,TRUE,0.08114396869433235,1.0070050098976944,1.0471975511965976,0.11832584965162583,0.04396208773703887
S. aureus,Erythromycin,Macrolides,0.04767863179428447,1.4040457029013735,0.5235987755982988,0.08349569494558887,0.011861568642980068,TRUE,0.741547603321115,1.7230205176121847,0.5235987755982988,0.8892454849864784,0.5938497216557517
S. aureus,Nitrofurantoin,Nitrofurans,0.03285218828942683,2.109850878338488,0.5235987755982988,0.04341065560821109,0.022293720970642562,TRUE,0.0441300305230564,8.832835405633368,0.5235987755982988,0.06394305313865602,0.024317007907456775
S. aureus,Oxacillin,Penicillins,0.0314932232799617,0.9830674885852633,0.5235987755982988,0.054192854999392026,0.008793591560531371,TRUE,1.1261429056797616,2.2114259595957124,0.5235987755982988,1.297208930475367,0.9550768808841564
S. aureus,Penicillin,Penicillins,0.010146247167379972,1.857617261519889,1.0471975511965976,0.026934324938369066,-0.006641830603609122,FALSE,1.1261429056797616,2.2114259595957124,0.5235987755982988,1.297208930475367,0.9550768808841564
S. aureus,Tetracycline,Tetracyclines,0.01267772505194594,10.119684507459475,0.5235987755982988,0.032558738210208334,-0.007203288106316453,FALSE,0.03104508021305174,6.5127997243956095,0.5235987755982988,0.05153364968058969,0.010556510745513788
