drug_class,omega,amplitude_ci.lower,amplitude_ci.upper,amplitude_estimate,amplitude_p.value.BH,phase_ci.lower,phase_ci.upper,phase_estimate,phase_p.value.BH,sig
Macrolides,0.5235987755982988,0.5938497216557517,0.8892454849864784,0.741547603321115,4.2936551037393836e-12,1.318917614476991,2.1271234207473784,1.7230205176121847,2.620738353629056e-10,TRUE
Nitrofurans,0.5235987755982988,0.024317007907456775,0.06394305313865602,0.0441300305230564,2.4341550306379844e-4,8.2434692794205091,9.422201531846227,8.832835405633368,2.256564951245533e-46,TRUE
Penicillins,0.5235987755982988,0.9550768808841564,1.297208930475367,1.1261429056797616,1.0028749688146958e-15,1.9623225376872238,2.4605293815042013,2.2114259595957124,6.598428644280713e-21,TRUE
Quinolones,1.0471975511965976,0.04396208773703887,0.11832584965162583,0.08114396869433235,2.4341550306379844e-4,0.5510844876667189,1.4629255321286698,1.0070050098976944,1.6509473185375784e-4,TRUE
Tetracyclines,0.5235987755982988,0.010556510745513788,0.05153364968058969,0.03104508021305174,0.009530750771395004,4.551095425487536,8.474504023303682,6.5127997243956095,0.6109153686432868,TRUE
