drug_class,period,term,estimate,ci.lower,ci.upper
Macrolides,12,phase,1.7230205176121847,1.318917614476991,2.1271234207473784
Nitrofurans,12,phase,8.832835405633368,8.2434692794205091,9.422201531846227
Penicillins,12,phase,2.2114259595957124,1.9623225376872238,2.4605293815042013
Quinolones,6,phase,1.0070050098976944,0.5510844876667189,1.4629255321286698
Quinolones,6,phase,7.007005009897695,6.551084487666719,7.46292553212867
