drug_class,period,omega,term,estimate,ci.lower,ci.upper,std.error,statistic,p.value,p.value.BH
Macrolides,12,0.5235987755982988,amplitude,2.1616801100515746,1.6244835511384972,2.698876668964652,0.27408491337106977,7.886899295055269,5.038162196120663e-10,1.2595405490301656e-9
Nitrofurans,12,0.5235987755982988,amplitude,0.14381421292915098,0.07198455907737318,0.21564386678092878,0.03664845600141684,3.9241547563038144,2.951033018242842e-4,4.918388363738071e-4
Penicillins,12,0.5235987755982988,amplitude,3.331467526573914,2.6928167224630934,3.970118330684735,0.3258482345330919,10.223985197733464,2.586262887892031e-13,1.2931314439460155e-12
Quinolones,6,1.0471975511965976,amplitude,0.26071747690793995,0.11972955261105267,0.40170540120482723,0.07193393624014627,3.6244016459429305,7.33996272692742e-4,9.174953408659274e-4
Tetracyclines,12,0.5235987755982988,amplitude,0.12104904950122578,0.0440415430872555,0.19805655591519605,0.03929026605661925,-3.0808915706192472,0.003514782495350857,0.003514782495350857
